{"transferred": 0.7252373695373535, "admitted": 0.6856365203857422, "transfered": 0.672297477722168, "arrived": 0.6286650896072388, "arriving": 0.6225401759147644, "dvt": 0.6026339530944824, "hosp": 0.600691556930542, "escorted": 0.5878714919090271, "brought": 0.5864720940589905, "adm": 0.5826643705368042}