{"infections": 0.7489596605300903, "sepsis": 0.7414940595626831, "infx": 0.7195940613746643, "withdrawal": 0.6897172927856445, "overt": 0.6299777626991272, "withdrawl": 0.6274961233139038, "seizures": 0.6159240007400513, "chf": 0.6139428019523621, "signs": 0.5968815088272095, "incarceration": 0.5960768461227417}